5dimes.eu,5dimes.eu,1
5dimes.mobi,5dimes.mobi,1
888.com,888.com,1
888casino.com,888casino.com,1
888poker.com,888poker.com,1
adda52.com,adda52.com,1
asianbookie.com,asianbookie.com,1
askgamblers.com,askgamblers.com,1
attheraces.com,attheraces.com,1
bet-at-home.com,bet-at-home.com,1
bet365.com,bet365.com,1
bet365affiliates.com,bet365affiliates.com,1
betfair.com,betfair.com,1
bethard.com,bethard.com,1
betonline.ag,betonline.ag,1
betting.ca,betting.ca,1
bettingpartners.com,bettingpartners.com,1
betway.co.ke,betway.co.ke,1
betway.co.za,betway.co.za,1
betway.co.zm,betway.co.zm,1
betway.com,betway.com,1
betway.com.gh,betway.com.gh,1
betwayzambia.com,betwayzambia.com,1
bodog.eu,bodog.eu,1
bonus.ca,bonus.ca,1
bovada.com,bovada.com,1
bovada.lv,bovada.lv,1
bovadasportsbook.com,bovadasportsbook.com,1
calottery.com,calottery.com,1
canadasportsbetting.ca,canadasportsbetting.ca,1
cardplayer.com,cardplayer.com,1
cardschat.com,cardschat.com,1
casino-review.com,casino-review.com,1
casino-x.com,casino-x.com,1
casino.info,casino.info,1
casino.org,casino.org,1
casinobonus2.co,casinobonus2.co,1
casinochan.com,casinochan.com,1
casinoonlineca.ca,casinoonlineca.ca,1
casinos.co,casinos.co,1
classyslots.com,classyslots.com,1
covers.com,covers.com,1
desertnightscasino.com,desertnightscasino.com,1
desertnightscasino.us,desertnightscasino.us,1
dreamvegas.com,dreamvegas.com,1
dunder.com,dunder.com,1
europacasino.com,europacasino.com,1
flalottery.com,flalottery.com,1
freelotto.com,freelotto.com,1
freeslots4u.com,freeslots4u.com,1
galottery.com,galottery.com,1
gambling.com,gambling.com,1
gamblingsites.com,gamblingsites.com,1
gamblingsites.org,gamblingsites.org,1
genesiscasino.com,genesiscasino.com,1
goldennugget.com,goldennugget.com,1
goldennuggetcasino.com,goldennuggetcasino.com,1
gtbets.eu,gtbets.eu,1
hopa.com,hopa.com,1
hypercasino.com,hypercasino.com,1
hypercasino.org,hypercasino.org,1
illinoislottery.com,illinoislottery.com,1
intercasino.com,intercasino.com,1
intertops.eu,intertops.eu,1
jackpotcity.com,jackpotcity.com,1
jackpotcity.org,jackpotcity.org,1
jackpotcitycasino.com,jackpotcitycasino.com,1
jackpotparty.com,jackpotparty.com,1
legalbettingreview.com,legalbettingreview.com,1
legitgamblingsites.com,legitgamblingsites.com,1
leovegas.com,leovegas.com,1
lgbaffiliate.com,lgbaffiliate.com,1
lincolncasino.eu,lincolncasino.eu,1
lincolncasinoonline.com,lincolncasinoonline.com,1
lincolnflashcasino.com,lincolnflashcasino.com,1
lincolnslotscasino.com,lincolnslotscasino.com,1
lokicasino.com,lokicasino.com,1
lotterypost.com,lotterypost.com,1
luckydays.com,luckydays.com,1
magicred.com,magicred.com,1
mansion.com,mansion.com,1
mansioncasino.com,mansioncasino.com,1
megamillions.com,megamillions.com,1
mgmresorts.com,mgmresorts.com,1
miamicasinoclub.com,miamicasinoclub.com,1
miamiclubcasino.im,miamiclubcasino.im,1
miamiclubcasino.org,miamiclubcasino.org,1
miamiclubcasinos.us,miamiclubcasinos.us,1
michiganlottery.com,michiganlottery.com,1
mybookie.ag,mybookie.ag,1
nbso.ca,nbso.ca,1
neoonlinecasino.com,neoonlinecasino.com,1
new-casino.ca,new-casino.ca,1
nightrush.biz,nightrush.biz,1
nightrush.com,nightrush.com,1
nightrush.net,nightrush.net,1
nightrush.org,nightrush.org,1
nylottery.ny.gov,nylottery.ny.gov,1
oddchecker.com,oddchecker.com,1
oddsshark.com,oddsshark.com,1
officefootballpool.com,officefootballpool.com,1
officepools.com,officepools.com,1
olg.ca,olg.ca,1
online-sweepstakes.com,online-sweepstakes.com,1
onlinecasinohex.ca,onlinecasinohex.ca,1
onlinegambling.ca,onlinegambling.ca,1
paddypower.com,paddypower.com,1
palottery.state.pa.us,palottery.state.pa.us,1
paonlinecasino.com,paonlinecasino.com,1
partyaccount.com,partyaccount.com,1
partycasino.com,partycasino.com,1
partypoker.com,partypoker.com,1
pch.com,pch.com,1
pickmonitor.com,pickmonitor.com,1
playamo.com,playamo.com,1
playnow.com,playnow.com,1
pokernews.com,pokernews.com,1
realcasinocanada.com,realcasinocanada.com,1
redstagcasino.eu,redstagcasino.eu,1
redstagcasinoonline.com,redstagcasinoonline.com,1
royalpanda.com,royalpanda.com,1
rubyfortune.com,rubyfortune.com,1
rubyfortunecasino.com,rubyfortunecasino.com,1
rubyfortunecasino.org,rubyfortunecasino.org,1
sloto-cash-casino.com,sloto-cash-casino.com,1
slotscapital.com,slotscapital.com,1
slotscapital.lv,slotscapital.lv,1
slotscapital.us,slotscapital.us,1
soccerpunter.com,soccerpunter.com,1
soccervista.com,soccervista.com,1
spincasino.co.uk,spincasino.co.uk,1
spincasino.com,spincasino.com,1
spinpalace.com,spinpalace.com,1
spinpalace.org,spinpalace.org,1
sportingbet.com,sportingbet.com,1
sportsbetting.ag,sportsbetting.ag,1
sportsbettingdime.com,sportsbettingdime.com,1
sportsbookreview.com,sportsbookreview.com,1
sportsinteraction.com,sportsinteraction.com,1
thesportsgeek.com,thesportsgeek.com,1
txlottery.org,txlottery.org,1
unibet.com,unibet.com,1
unibet.eu,unibet.eu,1
uptown-acescasino.com,uptown-acescasino.com,1
uptownaces.casino,uptownaces.casino,1
uptownaces.eu,uptownaces.eu,1
uptownacescasino.us,uptownacescasino.us,1
uptownacesonlinecasino.com,uptownacesonlinecasino.com,1
uptownpokiescasino.com,uptownpokiescasino.com,1
uptownpokiesonline.com,uptownpokiesonline.com,1
vegasinsider.com,vegasinsider.com,1
williamhill.com,williamhill.com,1
Windrawwin.com,Windrawwin.com,1