18videosz.com,18videosz.com,1
24porn.com,24porn.com,1
3movs.com,3movs.com,1
4tube.com,4tube.com,1
adulttime.com,adulttime.com,1
alljapanesepass.com,alljapanesepass.com,1
allofgfs.com,allofgfs.com,1
alohatube.com,alohatube.com,1
alotporn.com,alotporn.com,1
alphaporno.com,alphaporno.com,1
anon-v.com,anon-v.com,1
anyshemale.com,anyshemale.com,1
arabianchicks.com,arabianchicks.com,1
avn.com,avn.com,1
baberotica.com,baberotica.com,1
babes.com,babes.com,1
badoinkvr.com,badoinkvr.com,1
bang.com,bang.com,1
bangbrosnetwork.com,bangbrosnetwork.com,1
bdsmstreak.com,bdsmstreak.com,1
beeg.com,beeg.com,1
best-paypornsites.com,best-paypornsites.com,1
bestpornbabes.com,bestpornbabes.com,1
besttrannypornsites.com,besttrannypornsites.com,1
bestxxxsites.com,bestxxxsites.com,1
bigtits.com,bigtits.com,1
bobs-tube.com,bobs-tube.com,1
boysfood.com,boysfood.com,1
braincash.com,braincash.com,1
brazzers.com,brazzers.com,1
brokestraightboys.com,brokestraightboys.com,1
camhub.cc,camhub.cc,1
cams.com,cams.com,1
cliphunter.com,cliphunter.com,1
clips4sale.com,clips4sale.com,1
czechvr.com,czechvr.com,1
dansmovies.com,dansmovies.com,1
daredorm.com,daredorm.com,1
ddfnetwork.com,ddfnetwork.com,1
definebabe.com,definebabe.com,1
deviantclip.com,deviantclip.com,1
digitalplayground.com,digitalplayground.com,1
dorcelclub.com,dorcelclub.com,1
drtuber.com,drtuber.com,1
eggporncomics.com,eggporncomics.com,1
empflix.com,empflix.com,1
eporner.com,eporner.com,1
eroxia.com,eroxia.com,1
evilangel.com,evilangel.com,1
extremetube.com,extremetube.com,1
fakehub.com,fakehub.com,1
fakku.net,fakku.net,1
fantasti.cc,fantasti.cc,1
fapster.xxx,fapster.xxx,1
forhertube.com,forhertube.com,1
free18.net,free18.net,1
freepornfull.com,freepornfull.com,1
fuq.com,fuq.com,1
fux.com,fux.com,1
gayfuror.com,gayfuror.com,1
gaymaletube.com,gaymaletube.com,1
gaytube.com,gaytube.com,1
gelbooru.com,gelbooru.com,1
gfrevenge.com,gfrevenge.com,1
girlsway.com,girlsway.com,1
gotgayporn.com,gotgayporn.com,1
h2porn.com,h2porn.com,1
handjobhub.com,handjobhub.com,1
hardsextube.com,hardsextube.com,1
hclips.com,hclips.com,1
helixstudios.net,helixstudios.net,1
hentai-foundry.com,hentai-foundry.com,1
hentaicore.org,hentaicore.org,1
hentaigasm.com,hentaigasm.com,1
hentaihaven.org,hentaihaven.org,1
hentaipulse.com,hentaipulse.com,1
hotgoo.com,hotgoo.com,1
hotsouthindiansex.com,hotsouthindiansex.com,1
hustler.com,hustler.com,1
iknowthatgirl.com,iknowthatgirl.com,1
imlive.com,imlive.com,1
ixxx.com,ixxx.com,1
iyalc.com,iyalc.com,1
japanhdv.com,japanhdv.com,1
javhd.com,javhd.com,1
jerkmate.com,jerkmate.com,1
jizzhut.com,jizzhut.com,1
jizzonline.com,jizzonline.com,1
justusboys.com,justusboys.com,1
keezmovies.com,keezmovies.com,1
kinkyfamily.com,kinkyfamily.com,1
kporno.com,kporno.com,1
lesbian8.com,lesbian8.com,1
letsjerk.is,letsjerk.is,1
lovehomeporn.com,lovehomeporn.com,1
lubetube.com,lubetube.com,1
luckycrush.live,luckycrush.live,1
madthumbs.com,madthumbs.com,1
manporn.xxx,manporn.xxx,1
maxim.com,maxim.com,1
maxiporn.com,maxiporn.com,1
metaporn.com,metaporn.com,1
mofosex.com,mofosex.com,1
mogosnetwork.com,mogosnetwork.com,1
motherless.com,motherless.com,1
moviefap.com,moviefap.com,1
myporngay.com,myporngay.com,1
netfapx.com,netfapx.com,1
newsensations.com,newsensations.com,1
nonktube.com,nonktube.com,1
nubiles.net,nubiles.net,1
nuvid.com,nuvid.com,1
orgasm.com,orgasm.com,1
perfectgirls.net,perfectgirls.net,1
perfectgonzo.com,perfectgonzo.com,1
pervclips.com,pervclips.com,1
playboy.com,playboy.com,1
porcore.com,porcore.com,1
porn.com,porn.com,1
porn300.xxx,porn300.xxx,1
porn7.xxx,porn7.xxx,1
porndroids.com,porndroids.com,1
pornerbros.com,pornerbros.com,1
pornfuror.com,pornfuror.com,1
pornhd.com,pornhd.com,1
pornheed.com,pornheed.com,1
pornhost.com,pornhost.com,1
pornhub.com,pornhub.com,1
pornhubselect.com,pornhubselect.com,1
pornmate.com,pornmate.com,1
pornmd.com,pornmd.com,1
pornmilo.com,pornmilo.com,1
pornotube.com,pornotube.com,1
pornoxo.com,pornoxo.com,1
pornprosnetwork.com,pornprosnetwork.com,1
pornrabbit.com,pornrabbit.com,1
pornrox.com,pornrox.com,1
pornstarnetwork.com,pornstarnetwork.com,1
porntube.com,porntube.com,1
pornxio.com,pornxio.com,1
proporn.com,proporn.com,1
punishbang.com,punishbang.com,1
punishtube.com,punishtube.com,1
realitykings.com,realitykings.com,1
redporn.xxx,redporn.xxx,1
redtube.com,redtube.com,1
rk.com,rk.com,1
rockettube.com,rockettube.com,1
rude.com,rude.com,1
sankakucomplex.com,sankakucomplex.com,1
sexlikereal.com,sexlikereal.com,1
sexvid.xxx,sexvid.xxx,1
shameless.com,shameless.com,1
shemailhd.sex,shemailhd.sex,1
shooshtime.com,shooshtime.com,1
slutload.com,slutload.com,1
slutroulette.com,slutroulette.com,1
spankbang.com,spankbang.com,1
spankwire.com,spankwire.com,1
stripchat.com,stripchat.com,1
submityourflicks.com,submityourflicks.com,1
submityourtapes.com,submityourtapes.com,1
sunporno.com,sunporno.com,1
teamskeet.com,teamskeet.com,1
theporndude.com,theporndude.com,1
thumbzilla.com,thumbzilla.com,1
tiava.com,tiava.com,1
tnaflix.com,tnaflix.com,1
topfreepornvideos.com,topfreepornvideos.com,1
toppornsites.com,toppornsites.com,1
tranny.one,tranny.one,1
tube8.com,tube8.com,1
tubegalore.com,tubegalore.com,1
tubegals.com,tubegals.com,1
tubev.sex,tubev.sex,1
twilightsex.com,twilightsex.com,1
twistysnetwork.com,twistysnetwork.com,1
videosz.com,videosz.com,1
viewdesisex.com,viewdesisex.com,1
virtualtaboo.com,virtualtaboo.com,1
vporn.com,vporn.com,1
vrcock.com,vrcock.com,1
vrcosplay.com,vrcosplay.com,1
vrporn.com,vrporn.com,1
vrsmash.com,vrsmash.com,1
wankzvr.com,wankzvr.com,1
watch-my-gf.com,watch-my-gf.com,1
watch-my-gf.me,watch-my-gf.me,1
watchindianporn.net,watchindianporn.net,1
watchmyexgf.net,watchmyexgf.net,1
watchmygf.me,watchmygf.me,1
watchmygf.tv,watchmygf.tv,1
xbabe.com,xbabe.com,1
xhamster.com,xhamster.com,1
xmoviesforyou.com,xmoviesforyou.com,1
xnxx.com,xnxx.com,1
xnxxhamster.net,xnxxhamster.net,1
xpaja.net,xpaja.net,1
xtube.com,xtube.com,1
xvideos.com,xvideos.com,1
xxvids.net,xxvids.net,1
xxx.com,xxx.com,1
xxxaporn.com,xxxaporn.com,1
xxxbunker.com,xxxbunker.com,1
xxxvideos247.com,xxxvideos247.com,1
youjizz.com,youjizz.com,1
youporn.com,youporn.com,1
youporngay.com,youporngay.com,1
yuvutu.com,yuvutu.com,1
zbporn.com,zbporn.com,1
zzcartoon.com,zzcartoon.com,1
zzgays.com,zzgays.com,1